{
  "train_loss": [
    0.0,
    0.0,
    0.0,
    0.0,
    0.0,
    0.0,
    0.0,
    0.0,
    0.0,
    0.0,
    0.0,
    0.0,
    0.0,
    0.0,
    0.0,
    0.0,
    0.0
  ],
  "train_acc": [
    84.04571101581789,
    90.14767042460802,
    91.65553647372793,
    93.5065237809467,
    90.12556674519604,
    90.81572270092418,
    91.59939162272218,
    92.49482258239543,
    93.3580868083896,
    90.58797403398341,
    91.71597135885821,
    92.17094004460968,
    92.53387203269986,
    93.59287468167511,
    91.17239041521354,
    91.54159457776097,
    92.57550174653767
  ],
  "val_loss": [
    1.2801013324612547,
    1.0964307563744298,
    1.0770478959750338,
    1.0183819614710425,
    1.1842605235781256,
    1.0388515073067657,
    1.0034366434900759,
    1.0267810692222015,
    1.0720812396474355,
    0.9985584158978146,
    0.9145731722341729,
    0.9786440160089132,
    1.0280309826388552,
    0.901419626787729,
    1.0555426149716232,
    0.9570921160243265,
    1.0513955494135474
  ],
  "val_acc": [
    83.71034077555817,
    84.40070505287896,
    85.10575793184489,
    85.31139835487662,
    84.40070505287896,
    85.0470035252644,
    84.97356051703878,
    85.22326674500587,
    85.39952996474736,
    85.00293772032903,
    84.76792009400705,
    85.25264394829613,
    85.28202115158636,
    85.3701527614571,
    84.87074030552292,
    84.69447708578143,
    85.14982373678026
  ]
}